id,seq
id1,QRVRNPQSCRWNMGVCIPFLCRVGMRQIGTCFGPRVPCCRR
id2,ILLEGTIDVVRYVESMTTRGSNDVVHFFDLS
id3,NERMLRATQVGLEEHLVICLETEAGSFYWHSQMATAKPTFEEQLAQLQQIVNHLEQGNVPLEEALQQFQE
id4,YKARRWAWRMK
id5,TFGGYGVMRIKG
id6,MFTLKKSLLLLFFIGTISLSLCEQERDADEDEGEALEEVKRGLWNSIKIAGKKLFVNVLDKIRCKVAGGCKTSPDVEYHK
id7,ATTLLSSLAETLNEQLNQLAVQVP
id8,AVVPGFVDPHTHIVYAG
id9,KKVYNAVSCMTNGGICWLKCSGTFREIGSCGTRQLKCCKKK
id10,STIGKLVKWIIKTVNKFTKK
id11,LEATVHHFVGPEDLREDMVTSDFTQEEFLSNVPVSLGGLVKVPTVIKMKTSVLLFMLGLTFLFDGLAAINLQEGER
id12,SKLDSMAKTKSAPSITPLGDRVLVQPTKVDEKTASGI
id13,MFTLKKPLLLLFFLGTINLSLCQDETNAEEERRDEEAAKMEEIKRGIFGKILGVGKKVPCGLSGMC
id14,VVRVMEF
id15,LFGEEVSFEILNKKGETINVLDVPIIFNEESTHNRSEPMYRGYQMEEEKAVSLAKEIIELDIKRDEMLETF
id16,MCYSSEKTFGMKDKK
id17,IGKFLKKAKKFG
id18,PLDFLEIGSEPIPVGGVVCVRVLGALALIDQNETDWKVVVLSTKDPRVAQWRDISDV
id19,LYIRILEKLRQNLGDDK
id20,MAKEFGIPAAVAKTVLNVVEAGGWVTTIVSILTAVGSGGKSLLAAAGRESIKAYLKKEIKKKGKRAVIAW
id21,DMGVAIAQKPDTAGPPDMP
id22,RANMLWADDA
id23,KNAPQGRVYISAESY
id24,KKINNPVSCLRKGGRCWNRCIGNTRQIGSCGVPFLKCCKRK
id25,SVEGEDAEEALKALLDLIHDNFGEVESMLPIEG
id26,IFDNDQDIDRLSLLVSDHHLHTPIEHAVL
id27,INWKKWWQVFYTVV
id28,AKAVKPKTAKPKTAKPKTAKA
id29,YVVDKLKDQQGLM
id30,FLPLVTGLLSGL
id31,LARVRDSALKTPWRPA
id32,GCHFQD
id33,LIKEEKIAIARNFL
id34,MKLLLLTLAALLLVSQLTPGDAQKCWNLHGKCRHRCSRKESVYVYCTNGKMCCVKPKYQPKPKPWMF
id35,GSKKPVPIIYCNRRTAKCQRM
id36,FIESKLRRIEDDPEGSGTSHLFNII
id37,VSSRALFDLEEGNA
id38,ISRLLQKSRLLDFFFR
id39,FLGSVFKSASKVFPAVFGKV
id40,PLSCRRKIGICVLIRCSGNMRQIGTCLGALVKCCR
id41,LYVMFAVAMAVNVQQYLN
id42,MELLNEKELAHVIGGKRKCPKTPFDNTPGAWFAHLILGC
id43,DTAKLALAQRYCLAEDSIILVEEAVYMSNPSAGSFLLLNDLNRVYVLLEDLCARGVQDLCSVQITKVDFSGLVELTTNYEKSIT
id44,MFTMKKSLLLLFFLGTINLSLCEQERNAEEERRDDLGERQAEVEKRFLPIVGKLLSGLSGLLGK
id45,LEHLSSLPTQMDYKGQKLAKWLPVQDSGSEDKKPGERK
id46,VNESVMYALRKTQDVLCHQFTALERYLPEEIH
id47,HSGGLNSISIKTKSKR
id48,SLQPGAPSFPMPGSQLPTSVSGNVEKQGRNTIATIDAQHKTDRYDVRGTWTKVVDGPGRSKPNFRIGGSYRW
id49,KWKKFLKIGIGKFLHLAKKF
id50,WRWRCRRRFCRWRW
id51,KWKSFLRTLKSPAKTVFHTALKAISS
id52,LKKKKLCKCLLKLKLL
id53,IGKKFKRIVQRIKKFLRNL
id54,KWFWWK
id55,QIKQVIETF
id56,KCKKCLLKLLKKLLKLKL
id57,LRFLKKILKKLF
id58,EVLEDEGVTKANIVID
id59,SPEDIIVTTSNNHIEVRAEKKPAYTTEQCRALNGTCRFYACFP
id60,GLFGLAKGSVAKPHVVPVISQLV
id61,MFTMKKSLLLLFFLGTINLSFCQDETNAEEERRDEEVAKMEEIKRGIFGKILGVGKKVLCGLSGIC
id62,VWRHWRRFW
id63,MSFVEIELLEMSD
id64,EVVRNPQSCRWNMGVCIPISCPGNMRQIGTCFGPRVPCCR
id65,KWKLFKKIPLKKF
id66,DIDITGCSACKYAAGQVCTIGCSAAGGFICGLLGITIPVAGLSSLGFFVITCTTSADYYSIPDSNAAK
id67,YVFFECSLIPTIILILGWGYQPERLPASYYFLFYTLLSSLPLLFIIMLTRVFIRMDIESEVPVVGKQMLA
id68,LLKWLLK
id69,AYIHNNHGTEQNVHM
id70,MFTLKKSMLLLFFLGTISLSLCQEEERGADEDEVIEEEVKRGLLSVFKGVLKTAGKNVAKNVAGSLLDQLKCKISGGC
id71,KRELLMGIFEKN
id72,LRRLYKRVFRLLKRWWRYLKRPVR
id73,VQKMQKEMTQEQERLQQTVFTAKSASDLVVVEVLGNRTIKNIEIKPEVIDPEDPDMLQDLLITT
id74,FLPFLASLLTKV
id75,SLYEEAQKLLEEC
id76,AMALYYLRPSSLR
id77,KVDEMCQKLIANPII
id78,DYDPIRVSEKGMLLE
id79,ELEKDSLPLDQAIVLFEEGLNLSKQCQERLSGYENQVKALVQKHQGDQNDMITNVQEVKY
id80,QKAIRVRLSA
id81,PRPPRLPRPRPRPLPFPRP
id82,MFTLKKSLLLLFFLGTISLSLCEEERDADEDEGEMTEEEVKRSVLGTVKDLLIGAGKSAAQSVLTTLSCKLSNSC
id83,EPFSSVAATCQTPKIACKNGDKNCHQSHGAVSLTMCKLTSGKYPNCRYKEKRQNKSYVVACKPPQKKDSQQFHLVPVHLDRVL
id84,IFTLPPYIPP
id85,IARRALKKALRARHTIPQCKKFGRR
id86,PQMFLVSDGELQLVNIAVHPELRDKGLGRK
id87,KLAQKVKRVLR
id88,MKFLFLFLAILLAMEPVVSGRRHMLRCMGDLGICRPACRQSEEPYLYCRNYQPCCLPFYVRIDISGKEGKNDWSRENRWPKVS
id89,ESLVKIAEFLESIIE
id90,TQQSVLAALSAIEGAEVHAQ
id91,TVSLDMSKKAVSDGADELDIVINIPDVIHGRWSKIEKDLKAICRLQDTKVIIGSGFLTDDDIAKASQIVKKAG
id92,LDYFDASINR
id93,TLIALVDNGINEC
id94,AKISGPEETSELPEVVSEERVPATATEPMADLRHGVTREPISPASKDSLRDKFKEKLDKWFHRPNLLSKRD
id95,KKLLENMQSDLRALSLECKKKFPPVKEAAESGIIKVKTIAARNTEILAGNFLHPFTDVVTTNLKLRNPSDR
id96,LPKVMAHMK
id97,IVHYNQPSRSRKTDLAWHITLLLLNPCLILIDHGHFQYNCISLGFTVAAVAAILSGKDLVGSVLYCLALNH
id98,FRGLAKLLKIGLKSFARVLKKILPKAAKAGKSLAKSLADENAIRQQNQ
id99,RLGGFLQKAREKIARGFKKIGQKINDFLGKLAPRTEA
id100,SRYLSDIKIVKENNE
