,id,seq,pred_label,dense
0,id1,QRVRNPQSCRWNMGVCIPFLCRVGMRQIGTCFGPRVPCCRR,0,2.8970060157007538e-05
1,id2,ILLEGTIDVVRYVESMTTRGSNDVVHFFDLS,1,0.9998205304145813
2,id3,NERMLRATQVGLEEHLVICLETEAGSFYWHSQMATAKPTFEEQLAQLQQIVNHLEQGNVPLEEALQQFQE,1,0.999864935874939
3,id4,YKARRWAWRMK,0,2.5666135115898214e-05
4,id5,TFGGYGVMRIKG,1,0.9876400828361511
5,id6,MFTLKKSLLLLFFIGTISLSLCEQERDADEDEGEALEEVKRGLWNSIKIAGKKLFVNVLDKIRCKVAGGCKTSPDVEYHK,0,2.4490827854606323e-05
6,id7,ATTLLSSLAETLNEQLNQLAVQVP,1,0.9990264177322388
7,id8,AVVPGFVDPHTHIVYAG,1,0.9897116422653198
8,id9,KKVYNAVSCMTNGGICWLKCSGTFREIGSCGTRQLKCCKKK,0,2.786026379908435e-05
9,id10,STIGKLVKWIIKTVNKFTKK,0,3.1817296985536814e-05
10,id11,LEATVHHFVGPEDLREDMVTSDFTQEEFLSNVPVSLGGLVKVPTVIKMKTSVLLFMLGLTFLFDGLAAINLQEGER,1,0.9998701810836792
11,id12,SKLDSMAKTKSAPSITPLGDRVLVQPTKVDEKTASGI,1,0.999616265296936
12,id13,MFTLKKPLLLLFFLGTINLSLCQDETNAEEERRDEEAAKMEEIKRGIFGKILGVGKKVPCGLSGMC,0,2.6688529032981023e-05
13,id14,VVRVMEF,1,0.998389720916748
14,id15,LFGEEVSFEILNKKGETINVLDVPIIFNEESTHNRSEPMYRGYQMEEEKAVSLAKEIIELDIKRDEMLETF,1,0.9998633861541748
15,id16,MCYSSEKTFGMKDKK,1,0.9997630715370178
16,id17,IGKFLKKAKKFG,0,3.413489685044624e-05
17,id18,PLDFLEIGSEPIPVGGVVCVRVLGALALIDQNETDWKVVVLSTKDPRVAQWRDISDV,1,0.9997884631156921
18,id19,LYIRILEKLRQNLGDDK,1,0.9997685551643372
19,id20,MAKEFGIPAAVAKTVLNVVEAGGWVTTIVSILTAVGSGGKSLLAAAGRESIKAYLKKEIKKKGKRAVIAW,0,2.9083441404509358e-05
20,id21,DMGVAIAQKPDTAGPPDMP,1,0.9997574687004089
21,id22,RANMLWADDA,1,0.9988883137702942
22,id23,KNAPQGRVYISAESY,1,0.9995496869087219
23,id24,KKINNPVSCLRKGGRCWNRCIGNTRQIGSCGVPFLKCCKRK,0,2.8857119104941376e-05
24,id25,SVEGEDAEEALKALLDLIHDNFGEVESMLPIEG,1,0.9998358488082886
25,id26,IFDNDQDIDRLSLLVSDHHLHTPIEHAVL,1,0.9998936653137207
26,id27,INWKKWWQVFYTVV,0,2.829898767231498e-05
27,id28,AKAVKPKTAKPKTAKPKTAKA,0,2.9311537218745798e-05
28,id29,YVVDKLKDQQGLM,1,0.9998352527618408
29,id30,FLPLVTGLLSGL,0,4.665628875955008e-05
30,id31,LARVRDSALKTPWRPA,1,0.9717789888381958
31,id32,GCHFQD,1,0.9996429681777954
32,id33,LIKEEKIAIARNFL,1,0.9995390176773071
33,id34,MKLLLLTLAALLLVSQLTPGDAQKCWNLHGKCRHRCSRKESVYVYCTNGKMCCVKPKYQPKPKPWMF,0,3.1693256460130215e-05
34,id35,GSKKPVPIIYCNRRTAKCQRM,0,0.0001376546424580738
35,id36,FIESKLRRIEDDPEGSGTSHLFNII,1,0.9998923540115356
36,id37,VSSRALFDLEEGNA,1,0.9998058676719666
37,id38,ISRLLQKSRLLDFFFR,1,0.9996600151062012
38,id39,FLGSVFKSASKVFPAVFGKV,0,2.648084409884177e-05
39,id40,PLSCRRKIGICVLIRCSGNMRQIGTCLGALVKCCR,0,3.1324027077062055e-05
40,id41,LYVMFAVAMAVNVQQYLN,1,0.9990763664245605
41,id42,MELLNEKELAHVIGGKRKCPKTPFDNTPGAWFAHLILGC,0,0.00030475331004709005
42,id43,DTAKLALAQRYCLAEDSIILVEEAVYMSNPSAGSFLLLNDLNRVYVLLEDLCARGVQDLCSVQITKVDFSGLVELTTNYEKSIT,1,0.999721348285675
43,id44,MFTMKKSLLLLFFLGTINLSLCEQERNAEEERRDDLGERQAEVEKRFLPIVGKLLSGLSGLLGK,0,2.576658698671963e-05
44,id45,LEHLSSLPTQMDYKGQKLAKWLPVQDSGSEDKKPGERK,1,0.9995899796485901
45,id46,VNESVMYALRKTQDVLCHQFTALERYLPEEIH,1,0.9997325539588928
46,id47,HSGGLNSISIKTKSKR,1,0.9993638396263123
47,id48,SLQPGAPSFPMPGSQLPTSVSGNVEKQGRNTIATIDAQHKTDRYDVRGTWTKVVDGPGRSKPNFRIGGSYRW,0,0.00925009697675705
48,id49,KWKKFLKIGIGKFLHLAKKF,0,2.9773113055853173e-05
49,id50,WRWRCRRRFCRWRW,0,3.793162613874301e-05
50,id51,KWKSFLRTLKSPAKTVFHTALKAISS,0,3.144662332488224e-05
51,id52,LKKKKLCKCLLKLKLL,0,2.273900099680759e-05
52,id53,IGKKFKRIVQRIKKFLRNL,0,3.633632877608761e-05
53,id54,KWFWWK,0,3.120191104244441e-05
54,id55,QIKQVIETF,1,0.9978677034378052
55,id56,KCKKCLLKLLKKLLKLKL,0,2.3644799512112513e-05
56,id57,LRFLKKILKKLF,0,3.4402608434902504e-05
57,id58,EVLEDEGVTKANIVID,1,0.9997685551643372
58,id59,SPEDIIVTTSNNHIEVRAEKKPAYTTEQCRALNGTCRFYACFP,1,0.9998096823692322
59,id60,GLFGLAKGSVAKPHVVPVISQLV,0,8.2523598393891e-05
60,id61,MFTMKKSLLLLFFLGTINLSFCQDETNAEEERRDEEVAKMEEIKRGIFGKILGVGKKVLCGLSGIC,0,2.6070305466419086e-05
61,id62,VWRHWRRFW,0,3.867972918669693e-05
62,id63,MSFVEIELLEMSD,1,0.9998670816421509
63,id64,EVVRNPQSCRWNMGVCIPISCPGNMRQIGTCFGPRVPCCR,0,3.508111694827676e-05
64,id65,KWKLFKKIPLKKF,0,2.9889639336033724e-05
65,id66,DIDITGCSACKYAAGQVCTIGCSAAGGFICGLLGITIPVAGLSSLGFFVITCTTSADYYSIPDSNAAK,0,0.0009399439441040158
66,id67,YVFFECSLIPTIILILGWGYQPERLPASYYFLFYTLLSSLPLLFIIMLTRVFIRMDIESEVPVVGKQMLA,1,0.9998036026954651
67,id68,LLKWLLK,0,3.373722574906424e-05
68,id69,AYIHNNHGTEQNVHM,1,0.9997153878211975
69,id70,MFTLKKSMLLLFFLGTISLSLCQEEERGADEDEVIEEEVKRGLLSVFKGVLKTAGKNVAKNVAGSLLDQLKCKISGGC,0,2.383024366281461e-05
70,id71,KRELLMGIFEKN,1,0.9998067021369934
71,id72,LRRLYKRVFRLLKRWWRYLKRPVR,0,3.413489685044624e-05
72,id73,VQKMQKEMTQEQERLQQTVFTAKSASDLVVVEVLGNRTIKNIEIKPEVIDPEDPDMLQDLLITT,1,0.9999245405197144
73,id74,FLPFLASLLTKV,0,4.165958671364933e-05
74,id75,SLYEEAQKLLEEC,1,0.9979572296142578
75,id76,AMALYYLRPSSLR,1,0.9981178045272827
76,id77,KVDEMCQKLIANPII,1,0.9998433589935303
77,id78,DYDPIRVSEKGMLLE,1,0.9998579025268555
78,id79,ELEKDSLPLDQAIVLFEEGLNLSKQCQERLSGYENQVKALVQKHQGDQNDMITNVQEVKY,1,0.9999046325683594
79,id80,QKAIRVRLSA,0,6.014151585986838e-05
80,id81,PRPPRLPRPRPRPLPFPRP,0,3.6764635297004133e-05
81,id82,MFTLKKSLLLLFFLGTISLSLCEEERDADEDEGEMTEEEVKRSVLGTVKDLLIGAGKSAAQSVLTTLSCKLSNSC,0,2.3644799512112513e-05
82,id83,EPFSSVAATCQTPKIACKNGDKNCHQSHGAVSLTMCKLTSGKYPNCRYKEKRQNKSYVVACKPPQKKDSQQFHLVPVHLDRVL,0,9.79976830421947e-05
83,id84,IFTLPPYIPP,0,4.298194107832387e-05
84,id85,IARRALKKALRARHTIPQCKKFGRR,0,3.898308568750508e-05
85,id86,PQMFLVSDGELQLVNIAVHPELRDKGLGRK,1,0.9992648959159851
86,id87,KLAQKVKRVLR,0,3.0479141059913673e-05
87,id88,MKFLFLFLAILLAMEPVVSGRRHMLRCMGDLGICRPACRQSEEPYLYCRNYQPCCLPFYVRIDISGKEGKNDWSRENRWPKVS,0,3.108026794507168e-05
88,id89,ESLVKIAEFLESIIE,1,0.9996718168258667
89,id90,TQQSVLAALSAIEGAEVHAQ,1,0.9993675351142883
90,id91,TVSLDMSKKAVSDGADELDIVINIPDVIHGRWSKIEKDLKAICRLQDTKVIIGSGFLTDDDIAKASQIVKKAG,1,0.9997603297233582
91,id92,LDYFDASINR,1,0.9996787309646606
92,id93,TLIALVDNGINEC,1,0.9997187256813049
93,id94,AKISGPEETSELPEVVSEERVPATATEPMADLRHGVTREPISPASKDSLRDKFKEKLDKWFHRPNLLSKRD,0,0.00032440185896120965
94,id95,KKLLENMQSDLRALSLECKKKFPPVKEAAESGIIKVKTIAARNTEILAGNFLHPFTDVVTTNLKLRNPSDR,1,0.9997757077217102
95,id96,LPKVMAHMK,0,5.9673518990166485e-05
96,id97,IVHYNQPSRSRKTDLAWHITLLLLNPCLILIDHGHFQYNCISLGFTVAAVAAILSGKDLVGSVLYCLALNH,1,0.9996273517608643
97,id98,FRGLAKLLKIGLKSFARVLKKILPKAAKAGKSLAKSLADENAIRQQNQ,0,2.8409744118107483e-05
98,id99,RLGGFLQKAREKIARGFKKIGQKINDFLGKLAPRTEA,0,3.2955729693640023e-05
99,id100,SRYLSDIKIVKENNE,1,0.9998633861541748
