id,seq,label
BBP0_11_43,KKRTLRKNDRKKRC,0
BBP0_11_134,GIVDFAKKVVGGIRNALGI,1
BBP0_11_135,GLADFLNKAVGKVVDFVKS,1
BBP0_11_32,HGEGTFTSDLSKQMEEEAVRLFIEWLKNGGPSSGAPPPS,0
BBP0_11_139,GLGPRPLRF,1
BBP0_11_75,SYSMEHFRWGKPVGKKRRPVKVYPNGAEDESAEAFPLEF,0
BBP0_11_182,QESGEVIIEIPR,1
BBP0_11_111,AVWKDFLKNIGKAAGKAVLNSVTDMVNE,1
BBP0_11_96,YRFSAR,0
BBP0_11_176,NIPQLTPTP,1
BBP0_11_85,VVYPWT,0
BBP0_11_91,YGGFLRRL,0
BBP0_11_143,GLMSSIGKALGGLIVDVLKPKTPAS,1
BBP0_11_46,KWKTPKVRV,0
BBP0_11_65,RPRTRLHTHRNRRPRTRLHTHRNR,0
BBP0_11_41,KIPYIL,0
BBP0_11_177,NPASGFFGMR,1
BBP0_11_47,LDHFRWK,0
BBP0_11_49,LLVVYPWT,0
BBP0_11_188,SDYLQLARG,1
BBP0_11_62,RKRIRLVTKKKRRKRIRLVTKKKR,0
BBP0_11_169,LLGMIPVAITAISALSKL,1
BBP0_11_17,DRVYIHPFHL,0
BBP0_11_34,HLNILSTLWKYRC,0
BBP0_11_21,FILMVWAPFI,0
BBP0_11_171,MAIVGTIIKIIKAIIDIFAK,1
BBP0_11_186,RICTAIPLPMCL,1
BBP0_11_18,DYMGWMDF,0
BBP0_11_20,FCYWRTT,0
BBP0_11_112,CYFQNCPRG,1
BBP0_11_8,CRTIGPSVC,0
BBP0_11_79,THRPPMWSPVWP,0
BBP0_11_192,SPPEAAYGPGNTNSDSGDK,1
BBP0_11_200,YPSKPEAPGEDASPEELNRYYASLRHYLNLVTRQRY,1
BBP0_11_185,RDWERREFERRQNELRREQEQRREELL,1
BBP0_11_7,CKGKGAKCSRLMYDCCTGSCRSGKC,0
BBP0_11_81,VGFFT,0
BBP0_11_13,DAEFRHDSGYEVHHQKLVFFAEDVGSNKGAIIGLMVGGVV,0
BBP0_11_166,ITKDFDALMKYIKRI,1
BBP0_11_118,EWEPVQNGGSSYYMVPRIWA,1
BBP0_11_152,GRGGPSNYVRL,1
BBP0_11_124,GAVSGLLTNLGL,1
BBP0_11_98,YTGFLS,0
BBP0_11_167,IVPFLLGMVPKLICLITKKC,1
BBP0_11_113,DFDMLRCMLGRVFRPCWQY,1
BBP0_11_181,PRRRRQASRPVRRRRRYRRSTAARRRRRVVRRRR,1
BBP0_11_173,MRVKLFQLRGMLSGSRIL,1
BBP0_11_68,SGSWLRDVWDWICTVLTDFKTWLQSKL,0
BBP0_11_6,CKFFD,0
BBP0_11_55,NAPVSIPQ,0
BBP0_11_3,AGYLLGKINLKALAALAKKIL,0
BBP0_11_145,GLPVCGETCFGGTCNTPGCSCTDPICTRD,1
BBP0_11_103,ALSILKGLEKLAKMGIALTNCKATKKC,1
BBP0_11_82,VILSLDVPIGLLRILLEQARYKAARNQAATNAQILAHV,0
BBP0_11_51,LRKLRKRLLR,0
BBP0_11_87,YAGFG,0
BBP0_11_48,LLIILRRRIRKQAHAHSK,0
BBP0_11_126,GGETGNDAKAMWFGPRL,1
BBP0_11_45,KSKAINVLRGFRKEIGRMLNILN,0
BBP0_11_56,NSDSECPLSHDGYCLHDGVCMYIEALDKYACNCVVGYIGERCQYRDLKWWELR,0
BBP0_11_19,FCFWKTCT,0
BBP0_11_44,KLFMALVAFLRFLT,0
BBP0_11_77,TFFYGGSRGKRNNFRTEEY,0
BBP0_11_189,SGLQLLDLSNNREVEML,1
BBP0_11_58,QRFSR,0
BBP0_11_115,DRVYIHPF,1
BBP0_11_16,DHYNCVSSGGQCLYSACPIFTKIQGTCYRGKAKCCK,0
BBP0_11_125,GFRDGSADRISHGF,1
BBP0_11_25,GIGDPVTCLKSGAICHPVFCPRRYKQIGTCGLPGTKCCKKP,0
BBP0_11_187,SCNLSTCATHNLVNELNKFDKSKPSSGGVGPESF,1
BBP0_11_141,GLLQTIKEKLKEFAGGVVTGVQS,1
BBP0_11_31,HAIYPRH,0
BBP0_11_130,GIGSAILSAGKSALKGLAKGLAEHFAN,1
BBP0_11_90,YGGFLRRIRPKLK,0
BBP0_11_165,IIGHLIKTALGFLGL,1
BBP0_11_95,YQQILTSMPSRNVIQISNDLENLRDLLHVL,0
BBP0_11_157,GSVFNCGETCVLGTCYTPGCTCNTYRVCTKD,1
BBP0_11_35,HSDATFTAEYSKLLAKLALQKYLESILGSSTSPRPPSS,0
BBP0_11_99,YTIWMPENPRPGTPCDIFTNSRGKRASNG,0
BBP0_11_37,HSDGIFTDSYSRYRKQMAVKKYLAAVLGKRYKQRVKNK,0
BBP0_11_2,AGILKRW,0
BBP0_11_67,SEEPPISLDLTFHLLREVLEMARAEQLAQQAHSNRKLMEII,0
BBP0_11_14,DDPPLSIDLTFHLLRTLLELARTQSQRERAEQNRIIFDSV,0
BBP0_11_105,APASGFFGMR,1
BBP0_11_150,GPSSGFFGTR,1
BBP0_11_147,GNLWATGHFM,1
BBP0_11_140,GLLDVVKGAAKNLLASALDKLKCKVTGC,1
BBP0_11_163,IEHNAEEIRKTAIRTAVQNTAQQTK,1
BBP0_11_136,GLFDAIGNLLGGLGL,1
BBP0_11_127,GGKCTVDWGGQGGGRRLPSPLFCCYKPTRICYLNQETCETETCP,1
BBP0_11_153,GRKSDCFRKSGFCAFLKCPSLTLISGKCSRFYLCCKRIR,1
BBP0_11_38,HSDGTFTSEYSRLRDSARLQRLLQGLV,0
BBP0_11_40,KCNTATCATQRLANFLVRSSNNLGPVLPPTNVGSNTY,0
BBP0_11_5,CGFLGGRRRGFGGIGGC,0
BBP0_11_26,GLAHSFSDFARDFVA,0
BBP0_11_61,RKHRKHRKHR,0
BBP0_11_15,DFDMLRCMLGRVYRPCWQV,0
BBP0_11_83,VPDPR,0
BBP0_11_107,APSEPHHPGDQATPDQLAQYYSDLYQYITFITRPRF,1
BBP0_11_129,GIGKFLHSAGKFGKAFLGEVMKS,1
BBP0_11_23,FNAPFDVGIKLSGAQYQQHGRAL,0
BBP0_11_27,GLGGIPPPGQSGLAVASALVDISQQMPIVYKEKSGAVRNRKQQPPAQPGTCI,0
BBP0_11_50,LPFFD,0
BBP0_11_10,CTSTSAPYC,0
BBP0_11_116,EELRPEVLPDVSE,1
BBP0_11_149,GPIPWQRRI,1
BBP0_11_117,EVEMLGDELRTLNQNLGLMR,1
BBP0_11_156,GSTGLIPFGRT,1
BBP0_11_57,NTGSPYE,0
BBP0_11_119,FFPAIFRLVAKVVPSIICSVTKKC,1
BBP0_11_70,SGVYKVAYDWQH,0
BBP0_11_104,ALWKTMLKKLGTMALHAGKAAFGAAADTISQ,1
BBP0_11_106,APQEPVYPGDDATPEQMAKYAAELRRYINRLTRPRY,1
BBP0_11_161,GWTLNSAGYLLGPHAVDNHRSLNDKHGLA,1
BBP0_11_158,GTSGLISFPRT,1
BBP0_11_142,GLLSGLGL,1
BBP0_11_69,SGTQEEY,0
BBP0_11_60,RGGRLSYSRRRFSTSTGR,0
BBP0_11_52,MEHFKF,0
BBP0_11_97,YRQSMNQGSRSTGCRFGTCTMQKLAHQIYQFTDKDKDGMAPRNKISPQGY,0
BBP0_11_88,YAGFLR,0
BBP0_11_184,QTPQWATGHFM,1
BBP0_11_151,GPVGLLSSPGSLPPVGGAP,1
BBP0_11_89,YGGFL,0
BBP0_11_109,ASLFNAPRV,1
BBP0_11_76,TFFYGGCRGKRNNFKTEEY,0
BBP0_11_128,GIFSLVKGVAKLAGKTLAKEGGKFGLELAMCKIAKQC,1
BBP0_11_92,YGGFM,0
BBP0_11_137,GLFKTLIKGAGKMLGHVAKEFLGSEGEPES,1
BBP0_11_78,TGNYKALHPHNG,0
BBP0_11_84,VQQLTKRFSL,0
BBP0_11_144,GLPTCGETCFGGTCNTPGCSCSSWPICTRD,1
BBP0_11_120,FLIGMTQGLICLITRKC,1
BBP0_11_138,GLFSKPAGKGIKNLIPKGVKHIGKEVGKDVIRTGIDVAGCKIKGEC,1
BBP0_11_179,PAASESGFRRDP,1
BBP0_11_114,DGGRNFLRF,1
BBP0_11_174,MSDKPDMAEIEKFDKSKLKKTETQEKNPLPSKETIEQEKQAGES,1
BBP0_11_148,GNRPVYIPPPRPPHPRL,1
BBP0_11_131,GILDSFKQFAKGVGKDLIKGAAQGVLSTMSCKLAKTC,1
BBP0_11_197,VLDIYEQKLGQTRVLDIYEQK,1
BBP0_11_73,STNQSTNQST,0
BBP0_11_93,YGRKKRRQRRR,0
BBP0_11_28,GLWEDLLYNINRYAHYIT,0
BBP0_11_199,YPSKPDNPGEDAPAEDLARYYSALRHYINLITRQRY,1
BBP0_11_122,FVPLLVSKLVCVVTKKC,1
BBP0_11_33,HGLASTLTRWAHYNALIRA,0
BBP0_11_154,GSGFSSWG,1
BBP0_11_80,TWPKHFDKHTFYSILKLGKH,0
BBP0_11_123,FVPYNPPRPGQSKPFPSFPGHGPFNPKIQWPYPLPNPGH,1
BBP0_11_53,MEHFPGP,0
BBP0_11_54,MEHFRW,0
BBP0_11_94,YPFPG,0
BBP0_11_102,AGCKNFFWKTFTSC,1
BBP0_11_132,GILDSLKNLAKNAAQILLNKASCKLSGQC,1
BBP0_11_191,SPHYNFGL,1
BBP0_11_12,CYIQNCPLG,0
BBP0_11_101,ADYLQLARA,1
BBP0_11_110,AVNIPFKVKFRCKAAFC,1
BBP0_11_29,GYRPVHNIRGHWAPG,0
BBP0_11_74,SYPGWSW,0
BBP0_11_193,SPSLDDERNDNFVRL,1
BBP0_11_194,SPTISITAPIDVLRKTWEQERARKQMVKNREFLNSLN,1
BBP0_11_42,KKALLALALHHLAHLALALKKAC,0
BBP0_11_86,VVYPWTQRF,0
BBP0_11_159,GVGYKVVVTTTAAADDDDVV,1
BBP0_11_4,APLEPEYPGDNATPEQMAQYAAELRRYINMLTRPRY,0
BBP0_11_30,HADGTYTSDVSTYLQDQAAKDFVSWLKSGRA,0
BBP0_11_100,YWAGGDASGE,0
BBP0_11_198,WAGGDASGE,1
BBP0_11_196,TPVVNPPFLQQT,1
BBP0_11_22,FKESWREARGTRIERG,0
BBP0_11_63,RPGPPGLQGRLQRLLQANGNHAAGILTM,0
BBP0_11_133,GILSSIKGVAKGVAKNVAAQLLDTLKCKITGC,1
BBP0_11_121,FLPILINLIHKGLL,1
BBP0_11_39,IKPEAPGEDASPEELNRYYASLRHYLNLVTRQRY,0
BBP0_11_160,GVIDAAKKVVNVLKNLF,1
BBP0_11_180,PQRGEGGRAGNLLREEQEI,1
BBP0_11_162,IEFFT,1
BBP0_11_170,LTNKTARFLVNGTSIPEVDFDVGE,1
BBP0_11_175,MTQIKVPTALIASVHGEGQHLFEPMAARCTCTTIISSSSTF,1
BBP0_11_66,RQIKIWFQNRRMKWKK,0
BBP0_11_64,RPKPQQFFGLM,0
BBP0_11_146,GLWSKIKETGKEAAKAAGKAALNKIAEAV,1
BBP0_11_36,HSDAVFTDNYTRLRKQMAVKKYLNSILN,0
BBP0_11_190,SKDYN,1
BBP0_11_155,GSPGLIPFGRS,1
BBP0_11_1,AGCKNFFWKTFTSC,0
BBP0_11_24,FNAPFDVGIKLSGVQYQQHSQAL,0
BBP0_11_108,ARCENFADSYRQPPISSSQT,1
BBP0_11_72,SSRRCVRLHESCLGQQVPCCDPCATCYCRFFNAFCYCRKLGTAMNPCSRT,0
BBP0_11_178,NSCDCDIEWSSCSAYGFDHDEDYGFNEDTDRIIINTKAILLPTK,1
BBP0_11_172,MEFVAKLFKFFKDLLGKFLGNN,1
BBP0_11_195,TNRNFLRF,1
BBP0_11_11,CYFQNC,0
BBP0_11_168,LAAGKVEDSD,1
BBP0_11_59,QSHYRHISPAQV,0
BBP0_11_71,SLSHSPQ,0
BBP0_11_9,CSCSSLMDKECVYFCHLDIIW,0
BBP0_11_164,IIEKLVNTALGLLSGL,1
BBP0_11_183,QGPPISIDLSLELLRKMIEIEKQEKEKQQAANNRLLLDTI,1
